/*INSERT INTO Customers (customer_id, customer_name, email, country, signup_date) VALUES
(1, 'Ahmed Ali', 'ahmed@gmail.com', 'Egypt', '2023-01-10'),
(2, 'Sara Omar', 'sara@gmail.com', 'UAE', '2023-02-05'),
(3, 'John Smith', 'john@gmail.com', 'USA', '2023-01-20'),
(4, 'Mona Hassan', 'mona@gmail.com', 'Egypt', '2023-03-01'),
(5, 'David Brown', 'david@gmail.com', 'UK', '2023-02-18'),
(6, 'Lina Khaled', 'lina@gmail.com', 'Jordan', '2023-01-25'),
(7, 'Omar Youssef', 'omar@gmail.com', 'Egypt', '2023-03-10'),
(8, 'Emily Clark', 'emily@gmail.com', 'USA', '2023-02-28');*/
/*
INSERT INTO Products (product_id, product_name, category, price) VALUES
(101, 'Laptop', 'Electronics', 1200),
(102, 'Headphones', 'Electronics', 150),
(103, 'Office Chair', 'Furniture', 300),
(104, 'Desk', 'Furniture', 450),
(105, 'Smartphone', 'Electronics', 900),
(106, 'Monitor', 'Electronics', 400);
*/
/*
INSERT INTO Orders (order_id, customer_id, product_id, order_date, quantity, total_amount) VALUES
(1001, 1, 101, '2023-03-01', 1, 1200),
(1002, 2, 102, '2023-03-02', 2, 300),
(1003, 3, 105, '2023-03-05', 1, 900),
(1004, 1, 102, '2023-03-10', 1, 150),
(1005, 4, 103, '2023-03-12', 2, 600),
(1006, 5, 104, '2023-03-15', 1, 450),
(1007, 6, 106, '2023-03-18', 2, 800),
(1008, 2, 105, '2023-03-20', 1, 900),
(1009, 7, 101, '2023-03-22', 1, 1200),
(1010, 8, 102, '2023-03-25', 3, 450),
(1011, 3, 106, '2023-04-01', 1, 400),
(1012, 1, 105, '2023-04-05', 1, 900),
(1013, 4, 104, '2023-04-10', 1, 450),
(1014, 5, 102, '2023-04-15', 2, 300),
(1015, 6, 101, '2023-04-20', 1, 1200);
*/
